,fn,cat
0,000012.jpg,car
1,000017.jpg,horse
2,000023.jpg,person
3,000026.jpg,car
4,000032.jpg,aeroplane
5,000033.jpg,aeroplane
6,000034.jpg,train
7,000035.jpg,person
8,000036.jpg,dog
9,000042.jpg,train
10,000044.jpg,chair
11,000047.jpg,car
12,000048.jpg,person
13,000061.jpg,boat
14,000064.jpg,bird
15,000066.jpg,person
16,000073.jpg,pottedplant
17,000077.jpg,cat
18,000078.jpg,dog
19,000083.jpg,car
20,000089.jpg,chair
21,000091.jpg,car
22,000104.jpg,person
23,000112.jpg,dog
24,000122.jpg,cat
25,000129.jpg,person
26,000133.jpg,person
27,000134.jpg,car
28,000138.jpg,person
29,000140.jpg,sofa
30,000141.jpg,bird
31,000147.jpg,chair
32,000153.jpg,car
33,000154.jpg,boat
34,000159.jpg,car
35,000161.jpg,car
36,000162.jpg,person
37,000163.jpg,motorbike
38,000164.jpg,motorbike
39,000171.jpg,person
40,000173.jpg,horse
41,000174.jpg,person
42,000187.jpg,tvmonitor
43,000189.jpg,bird
44,000192.jpg,person
45,000193.jpg,person
46,000194.jpg,horse
47,000198.jpg,train
48,000200.jpg,person
49,000207.jpg,bus
50,000209.jpg,cat
51,000219.jpg,motorbike
52,000220.jpg,car
53,000222.jpg,person
54,000225.jpg,sheep
55,000228.jpg,aeroplane
56,000235.jpg,diningtable
57,000242.jpg,cat
58,000250.jpg,diningtable
59,000256.jpg,aeroplane
60,000259.jpg,person
61,000262.jpg,car
62,000263.jpg,car
63,000276.jpg,person
64,000278.jpg,person
65,000282.jpg,person
66,000288.jpg,bus
67,000294.jpg,bird
68,000296.jpg,boat
69,000306.jpg,cow
70,000307.jpg,pottedplant
71,000311.jpg,car
72,000312.jpg,train
73,000317.jpg,car
74,000320.jpg,person
75,000325.jpg,aeroplane
76,000331.jpg,chair
77,000334.jpg,car
78,000337.jpg,person
79,000344.jpg,bottle
80,000347.jpg,horse
81,000349.jpg,diningtable
82,000355.jpg,car
83,000359.jpg,chair
84,000367.jpg,car
85,000370.jpg,boat
86,000372.jpg,horse
87,000379.jpg,bicycle
88,000382.jpg,boat
89,000387.jpg,car
90,000391.jpg,pottedplant
91,000394.jpg,person
92,000395.jpg,bird
93,000400.jpg,cat
94,000404.jpg,car
95,000406.jpg,car
96,000407.jpg,horse
97,000411.jpg,person
98,000416.jpg,sheep
99,000430.jpg,cat
100,000431.jpg,aeroplane
101,000438.jpg,person
102,000446.jpg,person
103,000450.jpg,train
104,000454.jpg,dog
105,000463.jpg,motorbike
106,000468.jpg,person
107,000469.jpg,car
108,000470.jpg,horse
109,000474.jpg,car
110,000476.jpg,sofa
111,000477.jpg,person
112,000484.jpg,pottedplant
113,000489.jpg,bird
114,000496.jpg,chair
115,000503.jpg,sofa
116,000508.jpg,bird
117,000516.jpg,sofa
118,000518.jpg,bus
119,000519.jpg,boat
120,000522.jpg,car
121,000524.jpg,horse
122,000525.jpg,motorbike
123,000526.jpg,person
124,000528.jpg,cat
125,000535.jpg,person
126,000537.jpg,dog
127,000541.jpg,car
128,000544.jpg,cat
129,000549.jpg,cat
130,000550.jpg,diningtable
131,000552.jpg,aeroplane
132,000554.jpg,sofa
133,000555.jpg,person
134,000559.jpg,tvmonitor
135,000565.jpg,bicycle
136,000577.jpg,horse
137,000583.jpg,motorbike
138,000589.jpg,person
139,000590.jpg,car
140,000592.jpg,sofa
141,000597.jpg,person
142,000605.jpg,car
143,000609.jpg,dog
144,000612.jpg,train
145,000620.jpg,car
146,000622.jpg,cow
147,000625.jpg,person
148,000632.jpg,sofa
149,000633.jpg,person
150,000635.jpg,train
151,000648.jpg,bus
152,000654.jpg,sheep
153,000657.jpg,aeroplane
154,000671.jpg,bicycle
155,000672.jpg,car
156,000680.jpg,bird
157,000685.jpg,motorbike
158,000688.jpg,car
159,000689.jpg,train
160,000695.jpg,horse
161,000699.jpg,chair
162,000700.jpg,car
163,000709.jpg,sofa
164,000710.jpg,chair
165,000711.jpg,pottedplant
166,000726.jpg,person
167,000729.jpg,pottedplant
168,000731.jpg,person
169,000733.jpg,motorbike
170,000739.jpg,person
171,000740.jpg,boat
172,000753.jpg,diningtable
173,000754.jpg,bus
174,000761.jpg,sofa
175,000764.jpg,horse
176,000767.jpg,cow
177,000768.jpg,bus
178,000770.jpg,cow
179,000774.jpg,train
180,000793.jpg,bicycle
181,000796.jpg,bird
182,000804.jpg,sofa
183,000805.jpg,dog
184,000810.jpg,person
185,000812.jpg,person
186,000818.jpg,train
187,000820.jpg,sheep
188,000822.jpg,motorbike
189,000823.jpg,car
190,000827.jpg,cow
191,000828.jpg,person
192,000829.jpg,bus
193,000830.jpg,diningtable
194,000845.jpg,aeroplane
195,000849.jpg,dog
196,000850.jpg,bird
197,000851.jpg,motorbike
198,000859.jpg,person
199,000860.jpg,car
200,000865.jpg,person
201,000867.jpg,pottedplant
202,000871.jpg,car
203,000887.jpg,aeroplane
204,000888.jpg,car
205,000889.jpg,pottedplant
206,000892.jpg,motorbike
207,000898.jpg,sofa
208,000899.jpg,train
209,000900.jpg,sheep
210,000902.jpg,dog
211,000904.jpg,horse
212,000906.jpg,boat
213,000908.jpg,aeroplane
214,000912.jpg,cat
215,000915.jpg,person
216,000919.jpg,dog
217,000929.jpg,diningtable
218,000936.jpg,aeroplane
219,000943.jpg,person
220,000950.jpg,diningtable
221,000951.jpg,bottle
222,000954.jpg,bird
223,000958.jpg,dog
224,000962.jpg,cat
225,000964.jpg,bird
226,000965.jpg,sofa
227,000966.jpg,train
228,000967.jpg,train
229,000977.jpg,car
230,000980.jpg,bird
231,000987.jpg,motorbike
232,000989.jpg,tvmonitor
233,000991.jpg,horse
234,000993.jpg,train
235,000996.jpg,diningtable
236,000997.jpg,sofa
237,000999.jpg,person
238,001001.jpg,person
239,001002.jpg,boat
240,001008.jpg,motorbike
241,001010.jpg,tvmonitor
242,001011.jpg,person
243,001014.jpg,person
244,001015.jpg,bird
245,001024.jpg,person
246,001036.jpg,person
247,001043.jpg,cat
248,001050.jpg,person
249,001057.jpg,car
250,001060.jpg,car
251,001064.jpg,horse
252,001068.jpg,motorbike
253,001071.jpg,horse
254,001073.jpg,cow
255,001077.jpg,tvmonitor
256,001078.jpg,cat
257,001079.jpg,diningtable
258,001082.jpg,cat
259,001101.jpg,person
260,001106.jpg,chair
261,001112.jpg,train
262,001113.jpg,person
263,001119.jpg,car
264,001127.jpg,sofa
265,001129.jpg,sofa
266,001130.jpg,cow
267,001140.jpg,person
268,001147.jpg,person
269,001151.jpg,person
270,001152.jpg,bus
271,001156.jpg,cat
272,001158.jpg,chair
273,001168.jpg,person
274,001171.jpg,person
275,001172.jpg,train
276,001174.jpg,sofa
277,001182.jpg,cow
278,001191.jpg,sheep
279,001194.jpg,bicycle
280,001204.jpg,sofa
281,001205.jpg,boat
282,001207.jpg,bird
283,001209.jpg,dog
284,001212.jpg,person
285,001214.jpg,sofa
286,001226.jpg,dog
287,001229.jpg,person
288,001230.jpg,aeroplane
289,001234.jpg,person
290,001237.jpg,car
291,001239.jpg,dog
292,001240.jpg,person
293,001248.jpg,person
294,001258.jpg,car
295,001263.jpg,diningtable
296,001268.jpg,car
297,001269.jpg,person
298,001270.jpg,aeroplane
299,001273.jpg,bird
300,001279.jpg,person
301,001287.jpg,person
302,001294.jpg,car
303,001299.jpg,cow
304,001304.jpg,person
305,001309.jpg,person
306,001312.jpg,cow
307,001314.jpg,cat
308,001315.jpg,person
309,001323.jpg,train
310,001325.jpg,boat
311,001326.jpg,sofa
312,001327.jpg,person
313,001332.jpg,aeroplane
314,001333.jpg,motorbike
315,001334.jpg,car
316,001345.jpg,chair
317,001346.jpg,person
318,001348.jpg,bird
319,001364.jpg,car
320,001365.jpg,bird
321,001378.jpg,person
322,001384.jpg,car
323,001385.jpg,bus
324,001388.jpg,sofa
325,001390.jpg,sofa
326,001393.jpg,diningtable
327,001395.jpg,cat
328,001402.jpg,sofa
329,001404.jpg,cat
330,001405.jpg,horse
331,001406.jpg,sofa
332,001408.jpg,person
333,001409.jpg,car
334,001414.jpg,car
335,001418.jpg,dog
336,001420.jpg,horse
337,001421.jpg,person
338,001426.jpg,person
339,001427.jpg,person
340,001434.jpg,bus
341,001436.jpg,aeroplane
342,001442.jpg,cow
343,001450.jpg,person
344,001451.jpg,diningtable
345,001453.jpg,bird
346,001455.jpg,bicycle
347,001457.jpg,sofa
348,001468.jpg,cow
349,001470.jpg,tvmonitor
350,001479.jpg,person
351,001480.jpg,sofa
352,001483.jpg,train
353,001485.jpg,motorbike
354,001486.jpg,cat
355,001488.jpg,car
356,001492.jpg,car
357,001494.jpg,car
358,001498.jpg,person
359,001499.jpg,person
360,001501.jpg,person
361,001504.jpg,person
362,001512.jpg,bird
363,001515.jpg,horse
364,001517.jpg,chair
365,001521.jpg,person
366,001524.jpg,person
367,001526.jpg,person
368,001528.jpg,bird
369,001529.jpg,sofa
370,001532.jpg,bus
371,001539.jpg,bicycle
372,001548.jpg,person
373,001555.jpg,cat
374,001556.jpg,horse
375,001557.jpg,aeroplane
376,001559.jpg,car
377,001563.jpg,diningtable
378,001576.jpg,car
379,001579.jpg,bicycle
380,001580.jpg,sofa
381,001586.jpg,horse
382,001590.jpg,tvmonitor
383,001593.jpg,person
384,001594.jpg,person
385,001597.jpg,bird
386,001604.jpg,car
387,001607.jpg,dog
388,001610.jpg,cat
389,001611.jpg,person
390,001612.jpg,train
391,001622.jpg,car
392,001627.jpg,person
393,001630.jpg,person
394,001633.jpg,diningtable
395,001636.jpg,bicycle
396,001643.jpg,sofa
397,001649.jpg,person
398,001650.jpg,sofa
399,001651.jpg,person
400,001654.jpg,person
401,001661.jpg,sheep
402,001662.jpg,car
403,001669.jpg,cat
404,001673.jpg,cat
405,001676.jpg,car
406,001680.jpg,dog
407,001683.jpg,diningtable
408,001684.jpg,bird
409,001688.jpg,motorbike
410,001690.jpg,horse
411,001699.jpg,horse
412,001707.jpg,bird
413,001708.jpg,aeroplane
414,001711.jpg,person
415,001713.jpg,cow
416,001714.jpg,sheep
417,001717.jpg,person
418,001721.jpg,person
419,001723.jpg,person
420,001729.jpg,chair
421,001732.jpg,boat
422,001733.jpg,sheep
423,001734.jpg,sheep
424,001738.jpg,dog
425,001739.jpg,bird
426,001741.jpg,cow
427,001750.jpg,sheep
428,001752.jpg,tvmonitor
429,001754.jpg,person
430,001758.jpg,person
431,001759.jpg,person
432,001761.jpg,aeroplane
433,001765.jpg,motorbike
434,001766.jpg,horse
435,001768.jpg,cat
436,001777.jpg,diningtable
437,001780.jpg,motorbike
438,001787.jpg,bird
439,001789.jpg,train
440,001800.jpg,sofa
441,001806.jpg,person
442,001809.jpg,sofa
443,001810.jpg,person
444,001821.jpg,car
445,001825.jpg,dog
446,001828.jpg,person
447,001832.jpg,person
448,001834.jpg,diningtable
449,001836.jpg,sofa
450,001840.jpg,cat
451,001841.jpg,person
452,001843.jpg,person
453,001845.jpg,car
454,001853.jpg,bird
455,001854.jpg,person
456,001858.jpg,aeroplane
457,001861.jpg,person
458,001864.jpg,person
459,001870.jpg,aeroplane
460,001881.jpg,car
461,001892.jpg,bus
462,001894.jpg,horse
463,001896.jpg,bird
464,001898.jpg,tvmonitor
465,001902.jpg,bus
466,001903.jpg,motorbike
467,001904.jpg,person
468,001906.jpg,cat
469,001915.jpg,bird
470,001922.jpg,aeroplane
471,001928.jpg,motorbike
472,001930.jpg,person
473,001937.jpg,car
474,001938.jpg,person
475,001941.jpg,motorbike
476,001945.jpg,horse
477,001950.jpg,car
478,001952.jpg,bird
479,001954.jpg,car
480,001960.jpg,horse
481,001963.jpg,diningtable
482,001971.jpg,cat
483,001977.jpg,person
484,001978.jpg,person
485,001980.jpg,person
486,001981.jpg,cat
487,001985.jpg,dog
488,001989.jpg,person
489,001995.jpg,chair
490,001999.jpg,person
491,002001.jpg,aeroplane
492,002002.jpg,chair
493,002004.jpg,tvmonitor
494,002006.jpg,cat
495,002012.jpg,person
496,002015.jpg,pottedplant
497,002020.jpg,bird
498,002025.jpg,chair
499,002027.jpg,bus
500,002034.jpg,cat
501,002037.jpg,bird
502,002039.jpg,boat
503,002042.jpg,horse
504,002043.jpg,horse
505,002047.jpg,sofa
506,002049.jpg,pottedplant
507,002051.jpg,person
508,002055.jpg,sofa
509,002056.jpg,bus
510,002061.jpg,diningtable
511,002068.jpg,train
512,002069.jpg,person
513,002095.jpg,cat
514,002096.jpg,person
515,002104.jpg,motorbike
516,002108.jpg,diningtable
517,002116.jpg,dog
518,002117.jpg,person
519,002120.jpg,person
520,002126.jpg,cow
521,002132.jpg,tvmonitor
522,002134.jpg,car
523,002139.jpg,bottle
524,002151.jpg,cat
525,002153.jpg,car
526,002155.jpg,motorbike
527,002156.jpg,diningtable
528,002158.jpg,bird
529,002166.jpg,train
530,002170.jpg,car
531,002172.jpg,person
532,002176.jpg,person
533,002178.jpg,car
534,002179.jpg,pottedplant
535,002180.jpg,train
536,002182.jpg,car
537,002186.jpg,diningtable
538,002187.jpg,horse
539,002191.jpg,motorbike
540,002192.jpg,pottedplant
541,002193.jpg,person
542,002194.jpg,person
543,002196.jpg,cat
544,002197.jpg,car
545,002199.jpg,dog
546,002208.jpg,boat
547,002212.jpg,bird
548,002215.jpg,cat
549,002219.jpg,person
550,002221.jpg,person
551,002224.jpg,person
552,002234.jpg,boat
553,002237.jpg,cow
554,002238.jpg,person
555,002241.jpg,car
556,002247.jpg,car
557,002249.jpg,horse
558,002253.jpg,bicycle
559,002255.jpg,aeroplane
560,002256.jpg,bus
561,002260.jpg,motorbike
562,002265.jpg,person
563,002277.jpg,person
564,002279.jpg,aeroplane
565,002280.jpg,tvmonitor
566,002284.jpg,pottedplant
567,002287.jpg,chair
568,002291.jpg,car
569,002293.jpg,person
570,002306.jpg,person
571,002307.jpg,car
572,002310.jpg,bird
573,002311.jpg,car
574,002315.jpg,dog
575,002318.jpg,motorbike
576,002320.jpg,pottedplant
577,002321.jpg,train
578,002323.jpg,cow
579,002334.jpg,chair
580,002335.jpg,sofa
581,002342.jpg,person
582,002347.jpg,pottedplant
583,002350.jpg,bottle
584,002354.jpg,aeroplane
585,002355.jpg,car
586,002359.jpg,dog
587,002362.jpg,chair
588,002368.jpg,diningtable
589,002373.jpg,car
590,002384.jpg,person
591,002392.jpg,boat
592,002401.jpg,person
593,002403.jpg,boat
594,002405.jpg,horse
595,002410.jpg,person
596,002411.jpg,car
597,002413.jpg,person
598,002419.jpg,motorbike
599,002420.jpg,car
600,002423.jpg,train
601,002433.jpg,person
602,002436.jpg,car
603,002439.jpg,aeroplane
604,002442.jpg,diningtable
605,002443.jpg,dog
606,002445.jpg,cat
607,002448.jpg,horse
608,002458.jpg,motorbike
609,002461.jpg,sofa
610,002465.jpg,boat
611,002466.jpg,dog
612,002468.jpg,bird
613,002471.jpg,horse
614,002472.jpg,aeroplane
615,002478.jpg,car
616,002480.jpg,cat
617,002481.jpg,person
618,002483.jpg,sofa
619,002490.jpg,bus
620,002494.jpg,cow
621,002496.jpg,train
622,002500.jpg,boat
623,002501.jpg,chair
624,002502.jpg,train
625,002512.jpg,bicycle
626,002514.jpg,person
627,002518.jpg,person
628,002519.jpg,motorbike
629,002533.jpg,car
630,002534.jpg,car
631,002539.jpg,bus
632,002544.jpg,car
633,002545.jpg,sofa
634,002547.jpg,bird
635,002554.jpg,horse
636,002555.jpg,horse
637,002558.jpg,person
638,002559.jpg,car
639,002564.jpg,person
640,002569.jpg,pottedplant
641,002571.jpg,bird
642,002572.jpg,person
643,002579.jpg,bird
644,002590.jpg,train
645,002594.jpg,pottedplant
646,002595.jpg,car
647,002599.jpg,motorbike
648,002603.jpg,bird
649,002609.jpg,dog
650,002611.jpg,person
651,002625.jpg,person
652,002627.jpg,diningtable
653,002634.jpg,cow
654,002635.jpg,bird
655,002645.jpg,chair
656,002647.jpg,car
657,002648.jpg,sheep
658,002653.jpg,boat
659,002662.jpg,diningtable
660,002664.jpg,bird
661,002666.jpg,motorbike
662,002669.jpg,cow
663,002680.jpg,dog
664,002682.jpg,car
665,002683.jpg,sheep
666,002684.jpg,horse
667,002691.jpg,person
668,002697.jpg,dog
669,002702.jpg,chair
670,002704.jpg,car
671,002710.jpg,person
672,002713.jpg,person
673,002715.jpg,bicycle
674,002722.jpg,bicycle
675,002730.jpg,car
676,002735.jpg,horse
677,002737.jpg,aeroplane
678,002738.jpg,boat
679,002744.jpg,person
680,002745.jpg,bottle
681,002749.jpg,cow
682,002755.jpg,person
683,002757.jpg,train
684,002759.jpg,motorbike
685,002763.jpg,cow
686,002765.jpg,aeroplane
687,002766.jpg,cat
688,002774.jpg,horse
689,002778.jpg,chair
690,002779.jpg,car
691,002782.jpg,train
692,002783.jpg,bus
693,002791.jpg,bird
694,002795.jpg,motorbike
695,002796.jpg,cat
696,002801.jpg,diningtable
697,002804.jpg,person
698,002807.jpg,motorbike
699,002816.jpg,bus
700,002817.jpg,pottedplant
701,002820.jpg,pottedplant
702,002826.jpg,person
703,002834.jpg,person
704,002841.jpg,person
705,002844.jpg,train
706,002845.jpg,sheep
707,002848.jpg,motorbike
708,002855.jpg,sofa
709,002858.jpg,horse
710,002864.jpg,person
711,002866.jpg,diningtable
712,002867.jpg,bus
713,002868.jpg,cow
714,002869.jpg,aeroplane
715,002870.jpg,person
716,002873.jpg,aeroplane
717,002881.jpg,person
718,002899.jpg,bus
719,002906.jpg,train
720,002914.jpg,person
721,002919.jpg,bird
722,002931.jpg,person
723,002934.jpg,cat
724,002937.jpg,car
725,002939.jpg,person
726,002953.jpg,tvmonitor
727,002956.jpg,bicycle
728,002957.jpg,chair
729,002958.jpg,person
730,002962.jpg,person
731,002969.jpg,bird
732,002975.jpg,train
733,002976.jpg,person
734,002987.jpg,bus
735,002988.jpg,person
736,002989.jpg,sofa
737,002990.jpg,cow
738,002992.jpg,bicycle
739,002995.jpg,cat
740,003002.jpg,person
741,003003.jpg,person
742,003007.jpg,car
743,003011.jpg,sofa
744,003013.jpg,car
745,003024.jpg,sofa
746,003027.jpg,horse
747,003034.jpg,person
748,003042.jpg,diningtable
749,003047.jpg,bicycle
750,003051.jpg,car
751,003053.jpg,train
752,003061.jpg,chair
753,003063.jpg,sofa
754,003066.jpg,bird
755,003074.jpg,bird
756,003077.jpg,sofa
757,003083.jpg,bus
758,003085.jpg,cat
759,003088.jpg,person
760,003092.jpg,car
761,003100.jpg,dog
762,003103.jpg,car
763,003105.jpg,cow
764,003106.jpg,person
765,003107.jpg,person
766,003108.jpg,sofa
767,003110.jpg,dog
768,003116.jpg,bird
769,003122.jpg,person
770,003124.jpg,motorbike
771,003133.jpg,aeroplane
772,003134.jpg,person
773,003135.jpg,train
774,003138.jpg,person
775,003140.jpg,person
776,003145.jpg,person
777,003146.jpg,pottedplant
778,003147.jpg,dog
779,003149.jpg,bottle
780,003150.jpg,person
781,003155.jpg,bird
782,003157.jpg,tvmonitor
783,003159.jpg,person
784,003161.jpg,sheep
785,003163.jpg,bus
786,003165.jpg,car
787,003169.jpg,cat
788,003175.jpg,person
789,003181.jpg,person
790,003183.jpg,aeroplane
791,003184.jpg,cat
792,003185.jpg,person
793,003188.jpg,bicycle
794,003202.jpg,chair
795,003204.jpg,tvmonitor
796,003205.jpg,chair
797,003211.jpg,pottedplant
798,003214.jpg,car
799,003229.jpg,aeroplane
800,003231.jpg,car
801,003233.jpg,aeroplane
802,003236.jpg,sofa
803,003240.jpg,car
804,003242.jpg,bird
805,003244.jpg,train
806,003247.jpg,person
807,003253.jpg,person
808,003254.jpg,bird
809,003259.jpg,person
810,003260.jpg,person
811,003261.jpg,person
812,003269.jpg,bottle
813,003270.jpg,bird
814,003273.jpg,bird
815,003279.jpg,sofa
816,003280.jpg,person
817,003282.jpg,person
818,003284.jpg,person
819,003290.jpg,horse
820,003292.jpg,person
821,003303.jpg,person
822,003308.jpg,chair
823,003320.jpg,person
824,003330.jpg,bird
825,003331.jpg,car
826,003336.jpg,motorbike
827,003337.jpg,boat
828,003338.jpg,bird
829,003339.jpg,dog
830,003343.jpg,dog
831,003349.jpg,bird
832,003350.jpg,diningtable
833,003354.jpg,cow
834,003355.jpg,car
835,003356.jpg,tvmonitor
836,003359.jpg,car
837,003363.jpg,car
838,003365.jpg,aeroplane
839,003367.jpg,motorbike
840,003369.jpg,aeroplane
841,003373.jpg,dog
842,003374.jpg,dog
843,003379.jpg,car
844,003380.jpg,person
845,003382.jpg,person
846,003392.jpg,cat
847,003395.jpg,bicycle
848,003396.jpg,motorbike
849,003401.jpg,chair
850,003406.jpg,car
851,003408.jpg,sofa
852,003412.jpg,motorbike
853,003413.jpg,boat
854,003416.jpg,person
855,003417.jpg,train
856,003420.jpg,car
857,003421.jpg,chair
858,003424.jpg,person
859,003430.jpg,dog
860,003433.jpg,person
861,003436.jpg,horse
862,003439.jpg,cow
863,003441.jpg,bus
864,003450.jpg,sofa
865,003452.jpg,diningtable
866,003466.jpg,diningtable
867,003477.jpg,chair
868,003484.jpg,car
869,003487.jpg,person
870,003489.jpg,dog
871,003491.jpg,dog
872,003493.jpg,aeroplane
873,003496.jpg,person
874,003497.jpg,train
875,003499.jpg,train
876,003500.jpg,cat
877,003506.jpg,pottedplant
878,003508.jpg,dog
879,003509.jpg,pottedplant
880,003510.jpg,chair
881,003511.jpg,bicycle
882,003522.jpg,cat
883,003524.jpg,bird
884,003525.jpg,cat
885,003529.jpg,person
886,003539.jpg,person
887,003548.jpg,person
888,003549.jpg,bicycle
889,003550.jpg,person
890,003551.jpg,car
891,003555.jpg,car
892,003564.jpg,train
893,003565.jpg,bird
894,003575.jpg,sofa
895,003576.jpg,bus
896,003577.jpg,diningtable
897,003585.jpg,motorbike
898,003586.jpg,cat
899,003588.jpg,chair
900,003596.jpg,car
901,003599.jpg,bicycle
902,003603.jpg,diningtable
903,003604.jpg,dog
904,003605.jpg,train
905,003608.jpg,car
906,003609.jpg,chair
907,003614.jpg,bird
908,003621.jpg,bicycle
909,003622.jpg,pottedplant
910,003625.jpg,horse
911,003627.jpg,dog
912,003628.jpg,train
913,003629.jpg,pottedplant
914,003634.jpg,car
915,003635.jpg,bus
916,003642.jpg,bus
917,003644.jpg,person
918,003645.jpg,person
919,003646.jpg,bird
920,003656.jpg,cat
921,003658.jpg,bicycle
922,003662.jpg,chair
923,003663.jpg,person
924,003664.jpg,person
925,003671.jpg,dog
926,003678.jpg,person
927,003679.jpg,bird
928,003681.jpg,sheep
929,003688.jpg,person
930,003694.jpg,pottedplant
931,003695.jpg,train
932,003698.jpg,sheep
933,003699.jpg,person
934,003700.jpg,person
935,003704.jpg,bird
936,003705.jpg,sheep
937,003713.jpg,car
938,003714.jpg,sheep
939,003732.jpg,horse
940,003735.jpg,horse
941,003740.jpg,person
942,003743.jpg,sofa
943,003748.jpg,bird
944,003749.jpg,person
945,003751.jpg,sofa
946,003752.jpg,train
947,003758.jpg,pottedplant
948,003759.jpg,person
949,003763.jpg,cat
950,003767.jpg,chair
951,003773.jpg,aeroplane
952,003779.jpg,horse
953,003781.jpg,person
954,003784.jpg,bicycle
955,003786.jpg,bus
956,003788.jpg,chair
957,003790.jpg,car
958,003792.jpg,dog
959,003797.jpg,boat
960,003806.jpg,car
961,003807.jpg,cat
962,003811.jpg,boat
963,003817.jpg,person
964,003818.jpg,train
965,003824.jpg,motorbike
966,003827.jpg,person
967,003828.jpg,bird
968,003830.jpg,train
969,003834.jpg,pottedplant
970,003835.jpg,bus
971,003847.jpg,person
972,003849.jpg,motorbike
973,003856.jpg,person
974,003859.jpg,diningtable
975,003860.jpg,boat
976,003861.jpg,boat
977,003865.jpg,person
978,003866.jpg,train
979,003874.jpg,sheep
980,003879.jpg,person
981,003887.jpg,cow
982,003889.jpg,horse
983,003890.jpg,cat
984,003898.jpg,bird
985,003899.jpg,dog
986,003907.jpg,sofa
987,003912.jpg,cat
988,003913.jpg,person
989,003921.jpg,dog
990,003932.jpg,person
991,003935.jpg,dog
992,003936.jpg,car
993,003939.jpg,horse
994,003945.jpg,bicycle
995,003949.jpg,bird
996,003953.jpg,sofa
997,003956.jpg,pottedplant
998,003961.jpg,person
999,003969.jpg,bird
1000,003970.jpg,horse
1001,003971.jpg,car
1002,003974.jpg,boat
1003,003983.jpg,tvmonitor
1004,003987.jpg,car
1005,003988.jpg,chair
1006,003991.jpg,cat
1007,003993.jpg,aeroplane
1008,003997.jpg,car
1009,003998.jpg,car
1010,004005.jpg,train
1011,004008.jpg,dog
1012,004009.jpg,aeroplane
1013,004012.jpg,chair
1014,004013.jpg,bird
1015,004014.jpg,chair
1016,004016.jpg,cat
1017,004017.jpg,person
1018,004019.jpg,car
1019,004023.jpg,cow
1020,004028.jpg,pottedplant
1021,004033.jpg,motorbike
1022,004034.jpg,dog
1023,004035.jpg,dog
1024,004037.jpg,pottedplant
1025,004046.jpg,person
1026,004052.jpg,aeroplane
1027,004058.jpg,person
1028,004067.jpg,motorbike
1029,004091.jpg,car
1030,004092.jpg,person
1031,004093.jpg,chair
1032,004095.jpg,dog
1033,004100.jpg,tvmonitor
1034,004106.jpg,chair
1035,004111.jpg,person
1036,004120.jpg,bus
1037,004121.jpg,person
1038,004129.jpg,cat
1039,004131.jpg,bird
1040,004133.jpg,person
1041,004136.jpg,bicycle
1042,004137.jpg,person
1043,004138.jpg,person
1044,004140.jpg,bicycle
1045,004146.jpg,horse
1046,004149.jpg,diningtable
1047,004152.jpg,bottle
1048,004158.jpg,person
1049,004163.jpg,tvmonitor
1050,004164.jpg,sofa
1051,004168.jpg,horse
1052,004169.jpg,person
1053,004170.jpg,boat
1054,004171.jpg,bird
1055,004189.jpg,dog
1056,004190.jpg,tvmonitor
1057,004196.jpg,aeroplane
1058,004200.jpg,cow
1059,004201.jpg,person
1060,004209.jpg,person
1061,004215.jpg,motorbike
1062,004220.jpg,bird
1063,004221.jpg,bird
1064,004223.jpg,person
1065,004224.jpg,aeroplane
1066,004228.jpg,car
1067,004231.jpg,person
1068,004232.jpg,dog
1069,004237.jpg,tvmonitor
1070,004241.jpg,boat
1071,004242.jpg,car
1072,004244.jpg,car
1073,004247.jpg,bird
1074,004253.jpg,diningtable
1075,004255.jpg,motorbike
1076,004256.jpg,train
1077,004263.jpg,bird
1078,004269.jpg,person
1079,004270.jpg,person
1080,004271.jpg,bird
1081,004272.jpg,dog
1082,004273.jpg,person
1083,004280.jpg,bottle
1084,004281.jpg,train
1085,004283.jpg,motorbike
1086,004287.jpg,person
1087,004291.jpg,person
1088,004292.jpg,pottedplant
1089,004296.jpg,diningtable
1090,004300.jpg,motorbike
1091,004303.jpg,bus
1092,004307.jpg,horse
1093,004315.jpg,train
1094,004318.jpg,dog
1095,004322.jpg,person
1096,004325.jpg,boat
1097,004327.jpg,dog
1098,004333.jpg,bottle
1099,004338.jpg,motorbike
1100,004339.jpg,horse
1101,004345.jpg,cat
1102,004347.jpg,bird
1103,004359.jpg,person
1104,004360.jpg,person
1105,004361.jpg,motorbike
1106,004365.jpg,car
1107,004367.jpg,car
1108,004370.jpg,person
1109,004371.jpg,boat
1110,004372.jpg,horse
1111,004376.jpg,cat
1112,004379.jpg,aeroplane
1113,004386.jpg,car
1114,004387.jpg,boat
1115,004389.jpg,horse
1116,004391.jpg,aeroplane
1117,004392.jpg,person
1118,004404.jpg,person
1119,004434.jpg,dog
1120,004436.jpg,train
1121,004439.jpg,car
1122,004441.jpg,cow
1123,004452.jpg,aeroplane
1124,004470.jpg,aeroplane
1125,004471.jpg,person
1126,004479.jpg,person
1127,004481.jpg,car
1128,004484.jpg,diningtable
1129,004496.jpg,person
1130,004500.jpg,cow
1131,004502.jpg,cat
1132,004508.jpg,person
1133,004510.jpg,chair
1134,004514.jpg,tvmonitor
1135,004517.jpg,person
1136,004519.jpg,car
1137,004520.jpg,person
1138,004524.jpg,bird
1139,004526.jpg,car
1140,004537.jpg,horse
1141,004540.jpg,sofa
1142,004544.jpg,bus
1143,004548.jpg,dog
1144,004549.jpg,sofa
1145,004551.jpg,dog
1146,004553.jpg,horse
1147,004562.jpg,sofa
1148,004563.jpg,car
1149,004565.jpg,dog
1150,004566.jpg,cat
1151,004570.jpg,aeroplane
1152,004571.jpg,cow
1153,004576.jpg,car
1154,004579.jpg,train
1155,004584.jpg,sofa
1156,004587.jpg,dog
1157,004591.jpg,car
1158,004595.jpg,person
1159,004597.jpg,chair
1160,004604.jpg,motorbike
1161,004605.jpg,bicycle
1162,004607.jpg,sofa
1163,004611.jpg,diningtable
1164,004612.jpg,bird
1165,004622.jpg,person
1166,004623.jpg,bird
1167,004625.jpg,horse
1168,004627.jpg,train
1169,004628.jpg,cat
1170,004631.jpg,person
1171,004634.jpg,horse
1172,004636.jpg,bird
1173,004643.jpg,aeroplane
1174,004644.jpg,dog
1175,004648.jpg,bus
1176,004651.jpg,boat
1177,004656.jpg,horse
1178,004671.jpg,bottle
1179,004675.jpg,train
1180,004679.jpg,person
1181,004683.jpg,cat
1182,004685.jpg,person
1183,004686.jpg,horse
1184,004687.jpg,motorbike
1185,004691.jpg,train
1186,004693.jpg,train
1187,004694.jpg,motorbike
1188,004701.jpg,bottle
1189,004702.jpg,bird
1190,004705.jpg,car
1191,004706.jpg,person
1192,004710.jpg,bottle
1193,004714.jpg,sofa
1194,004715.jpg,person
1195,004718.jpg,person
1196,004723.jpg,person
1197,004735.jpg,chair
1198,004737.jpg,dog
1199,004742.jpg,diningtable
1200,004743.jpg,cat
1201,004747.jpg,car
1202,004748.jpg,aeroplane
1203,004753.jpg,person
1204,004754.jpg,tvmonitor
1205,004760.jpg,dog
1206,004773.jpg,diningtable
1207,004776.jpg,train
1208,004779.jpg,car
1209,004782.jpg,person
1210,004783.jpg,bird
1211,004790.jpg,person
1212,004792.jpg,cat
1213,004793.jpg,car
1214,004794.jpg,bird
1215,004797.jpg,bicycle
1216,004799.jpg,bird
1217,004801.jpg,person
1218,004808.jpg,car
1219,004815.jpg,horse
1220,004823.jpg,car
1221,004828.jpg,car
1222,004830.jpg,car
1223,004832.jpg,person
1224,004836.jpg,motorbike
1225,004837.jpg,sofa
1226,004841.jpg,aeroplane
1227,004842.jpg,sheep
1228,004846.jpg,sofa
1229,004848.jpg,bird
1230,004849.jpg,train
1231,004857.jpg,person
1232,004869.jpg,bird
1233,004873.jpg,car
1234,004876.jpg,bird
1235,004879.jpg,bicycle
1236,004882.jpg,motorbike
1237,004885.jpg,boat
1238,004897.jpg,person
1239,004898.jpg,person
1240,004902.jpg,person
1241,004905.jpg,aeroplane
1242,004907.jpg,cat
1243,004910.jpg,bus
1244,004911.jpg,train
1245,004913.jpg,person
1246,004929.jpg,dog
1247,004946.jpg,person
1248,004951.jpg,train
1249,004955.jpg,cat
1250,004958.jpg,boat
1251,004961.jpg,car
1252,004962.jpg,car
1253,004966.jpg,bird
1254,004968.jpg,horse
1255,004972.jpg,bird
1256,004973.jpg,car
1257,004974.jpg,bird
1258,004976.jpg,diningtable
1259,004984.jpg,chair
1260,004987.jpg,person
1261,004990.jpg,sofa
1262,004991.jpg,diningtable
1263,004992.jpg,dog
1264,004995.jpg,horse
1265,005001.jpg,sheep
1266,005004.jpg,sofa
1267,005006.jpg,bird
1268,005007.jpg,tvmonitor
1269,005016.jpg,aeroplane
1270,005018.jpg,dog
1271,005020.jpg,car
1272,005023.jpg,bird
1273,005024.jpg,person
1274,005026.jpg,bus
1275,005027.jpg,tvmonitor
1276,005029.jpg,bicycle
1277,005032.jpg,train
1278,005033.jpg,bird
1279,005045.jpg,person
1280,005047.jpg,car
1281,005052.jpg,person
1282,005057.jpg,bicycle
1283,005058.jpg,sheep
1284,005061.jpg,diningtable
1285,005065.jpg,car
1286,005068.jpg,bus
1287,005071.jpg,car
1288,005073.jpg,boat
1289,005078.jpg,cat
1290,005084.jpg,bird
1291,005086.jpg,person
1292,005090.jpg,bus
1293,005093.jpg,motorbike
1294,005094.jpg,train
1295,005097.jpg,dog
1296,005101.jpg,chair
1297,005107.jpg,bicycle
1298,005108.jpg,aeroplane
1299,005114.jpg,person
1300,005121.jpg,dog
1301,005122.jpg,person
1302,005124.jpg,cow
1303,005129.jpg,chair
1304,005130.jpg,bird
1305,005134.jpg,person
1306,005138.jpg,bird
1307,005143.jpg,pottedplant
1308,005153.jpg,tvmonitor
1309,005156.jpg,motorbike
1310,005168.jpg,train
1311,005169.jpg,cat
1312,005171.jpg,boat
1313,005173.jpg,person
1314,005177.jpg,sofa
1315,005181.jpg,boat
1316,005183.jpg,pottedplant
1317,005186.jpg,sofa
1318,005189.jpg,person
1319,005190.jpg,person
1320,005191.jpg,diningtable
1321,005202.jpg,bird
1322,005203.jpg,sofa
1323,005208.jpg,person
1324,005215.jpg,motorbike
1325,005217.jpg,boat
1326,005219.jpg,person
1327,005223.jpg,sheep
1328,005231.jpg,sofa
1329,005236.jpg,person
1330,005244.jpg,train
1331,005245.jpg,diningtable
1332,005246.jpg,bird
1333,005257.jpg,boat
1334,005258.jpg,motorbike
1335,005259.jpg,car
1336,005260.jpg,person
1337,005262.jpg,bus
1338,005269.jpg,train
1339,005273.jpg,bicycle
1340,005283.jpg,person
1341,005285.jpg,bird
1342,005288.jpg,sheep
1343,005290.jpg,aeroplane
1344,005292.jpg,sofa
1345,005297.jpg,person
1346,005303.jpg,person
1347,005304.jpg,person
1348,005307.jpg,person
1349,005310.jpg,person
1350,005311.jpg,diningtable
1351,005318.jpg,car
1352,005327.jpg,sofa
1353,005336.jpg,sofa
1354,005337.jpg,boat
1355,005338.jpg,bird
1356,005344.jpg,person
1357,005345.jpg,diningtable
1358,005351.jpg,horse
1359,005358.jpg,aeroplane
1360,005360.jpg,train
1361,005363.jpg,sheep
1362,005368.jpg,person
1363,005369.jpg,boat
1364,005373.jpg,car
1365,005374.jpg,bus
1366,005387.jpg,bus
1367,005388.jpg,bottle
1368,005389.jpg,train
1369,005391.jpg,aeroplane
1370,005396.jpg,person
1371,005404.jpg,cow
1372,005405.jpg,person
1373,005406.jpg,aeroplane
1374,005408.jpg,dog
1375,005410.jpg,person
1376,005413.jpg,person
1377,005414.jpg,person
1378,005417.jpg,person
1379,005420.jpg,boat
1380,005424.jpg,person
1381,005433.jpg,sofa
1382,005440.jpg,train
1383,005445.jpg,cat
1384,005448.jpg,bus
1385,005450.jpg,person
1386,005451.jpg,person
1387,005453.jpg,horse
1388,005455.jpg,cat
1389,005457.jpg,car
1390,005467.jpg,diningtable
1391,005478.jpg,sofa
1392,005483.jpg,car
1393,005487.jpg,aeroplane
1394,005489.jpg,car
1395,005496.jpg,boat
1396,005499.jpg,car
1397,005508.jpg,person
1398,005509.jpg,aeroplane
1399,005511.jpg,horse
1400,005514.jpg,cow
1401,005515.jpg,pottedplant
1402,005519.jpg,cat
1403,005524.jpg,sofa
1404,005526.jpg,person
1405,005527.jpg,person
1406,005536.jpg,car
1407,005541.jpg,person
1408,005542.jpg,person
1409,005544.jpg,train
1410,005547.jpg,car
1411,005563.jpg,person
1412,005566.jpg,car
1413,005568.jpg,horse
1414,005574.jpg,aeroplane
1415,005579.jpg,cat
1416,005582.jpg,person
1417,005585.jpg,car
1418,005591.jpg,diningtable
1419,005592.jpg,car
1420,005599.jpg,person
1421,005600.jpg,aeroplane
1422,005601.jpg,dog
1423,005603.jpg,bird
1424,005605.jpg,chair
1425,005609.jpg,car
1426,005611.jpg,horse
1427,005624.jpg,bird
1428,005625.jpg,bird
1429,005630.jpg,cat
1430,005631.jpg,bus
1431,005636.jpg,horse
1432,005637.jpg,bird
1433,005639.jpg,bicycle
1434,005644.jpg,person
1435,005648.jpg,person
1436,005654.jpg,train
1437,005658.jpg,bus
1438,005668.jpg,dog
1439,005669.jpg,person
1440,005680.jpg,train
1441,005686.jpg,diningtable
1442,005695.jpg,person
1443,005697.jpg,sofa
1444,005699.jpg,boat
1445,005700.jpg,person
1446,005704.jpg,person
1447,005705.jpg,boat
1448,005710.jpg,chair
1449,005713.jpg,boat
1450,005715.jpg,cat
1451,005718.jpg,chair
1452,005728.jpg,cow
1453,005730.jpg,chair
1454,005731.jpg,bus
1455,005735.jpg,train
1456,005738.jpg,car
1457,005740.jpg,person
1458,005742.jpg,boat
1459,005752.jpg,sofa
1460,005756.jpg,car
1461,005757.jpg,person
1462,005764.jpg,person
1463,005765.jpg,person
1464,005769.jpg,cat
1465,005780.jpg,person
1466,005782.jpg,car
1467,005783.jpg,motorbike
1468,005784.jpg,person
1469,005786.jpg,person
1470,005789.jpg,sofa
1471,005796.jpg,person
1472,005803.jpg,diningtable
1473,005805.jpg,bird
1474,005806.jpg,car
1475,005813.jpg,pottedplant
1476,005814.jpg,person
1477,005817.jpg,pottedplant
1478,005821.jpg,chair
1479,005824.jpg,person
1480,005826.jpg,person
1481,005831.jpg,car
1482,005836.jpg,person
1483,005838.jpg,cat
1484,005840.jpg,person
1485,005843.jpg,cow
1486,005850.jpg,cat
1487,005851.jpg,train
1488,005859.jpg,person
1489,005860.jpg,boat
1490,005861.jpg,car
1491,005864.jpg,sofa
1492,005867.jpg,chair
1493,005873.jpg,person
1494,005881.jpg,person
1495,005884.jpg,motorbike
1496,005885.jpg,person
1497,005888.jpg,dog
1498,005889.jpg,person
1499,005893.jpg,train
1500,005895.jpg,aeroplane
1501,005899.jpg,dog
1502,005901.jpg,cat
1503,005903.jpg,train
1504,005905.jpg,person
1505,005908.jpg,person
1506,005909.jpg,bird
1507,005910.jpg,person
1508,005911.jpg,bus
1509,005918.jpg,car
1510,005920.jpg,diningtable
1511,005923.jpg,bicycle
1512,005930.jpg,bicycle
1513,005938.jpg,person
1514,005947.jpg,sheep
1515,005948.jpg,horse
1516,005951.jpg,motorbike
1517,005960.jpg,cat
1518,005961.jpg,bus
1519,005964.jpg,sheep
1520,005971.jpg,person
1521,005980.jpg,cat
1522,005983.jpg,bird
1523,005984.jpg,person
1524,005990.jpg,motorbike
1525,005992.jpg,sofa
1526,006004.jpg,chair
1527,006009.jpg,car
1528,006011.jpg,car
1529,006020.jpg,sofa
1530,006023.jpg,train
1531,006025.jpg,aeroplane
1532,006030.jpg,diningtable
1533,006033.jpg,person
1534,006038.jpg,motorbike
1535,006043.jpg,car
1536,006061.jpg,cat
1537,006065.jpg,dog
1538,006066.jpg,tvmonitor
1539,006067.jpg,aeroplane
1540,006070.jpg,bird
1541,006073.jpg,cow
1542,006074.jpg,tvmonitor
1543,006078.jpg,chair
1544,006079.jpg,boat
1545,006088.jpg,sofa
1546,006091.jpg,bird
1547,006095.jpg,cow
1548,006096.jpg,bus
1549,006100.jpg,sofa
1550,006103.jpg,car
1551,006104.jpg,sofa
1552,006105.jpg,cat
1553,006123.jpg,boat
1554,006128.jpg,car
1555,006130.jpg,sofa
1556,006131.jpg,tvmonitor
1557,006134.jpg,horse
1558,006135.jpg,train
1559,006140.jpg,person
1560,006141.jpg,bottle
1561,006156.jpg,person
1562,006158.jpg,sofa
1563,006162.jpg,aeroplane
1564,006166.jpg,train
1565,006170.jpg,cow
1566,006171.jpg,dog
1567,006172.jpg,person
1568,006174.jpg,dog
1569,006175.jpg,person
1570,006176.jpg,person
1571,006177.jpg,motorbike
1572,006179.jpg,tvmonitor
1573,006180.jpg,person
1574,006181.jpg,bird
1575,006183.jpg,cat
1576,006187.jpg,person
1577,006189.jpg,dog
1578,006196.jpg,car
1579,006208.jpg,aeroplane
1580,006210.jpg,car
1581,006221.jpg,person
1582,006223.jpg,car
1583,006224.jpg,car
1584,006225.jpg,car
1585,006229.jpg,person
1586,006230.jpg,dog
1587,006236.jpg,motorbike
1588,006238.jpg,person
1589,006243.jpg,motorbike
1590,006247.jpg,sheep
1591,006250.jpg,car
1592,006251.jpg,sheep
1593,006261.jpg,car
1594,006262.jpg,cat
1595,006264.jpg,bird
1596,006267.jpg,dog
1597,006270.jpg,chair
1598,006272.jpg,person
1599,006275.jpg,train
1600,006279.jpg,aeroplane
1601,006285.jpg,horse
1602,006289.jpg,diningtable
1603,006290.jpg,bus
1604,006291.jpg,cow
1605,006299.jpg,pottedplant
1606,006304.jpg,boat
1607,006305.jpg,cat
1608,006320.jpg,car
1609,006329.jpg,car
1610,006341.jpg,person
1611,006344.jpg,train
1612,006349.jpg,aeroplane
1613,006352.jpg,person
1614,006353.jpg,cat
1615,006362.jpg,car
1616,006363.jpg,bottle
1617,006366.jpg,dog
1618,006367.jpg,bird
1619,006369.jpg,car
1620,006371.jpg,bicycle
1621,006374.jpg,aeroplane
1622,006375.jpg,car
1623,006381.jpg,diningtable
1624,006382.jpg,horse
1625,006395.jpg,person
1626,006400.jpg,train
1627,006411.jpg,sofa
1628,006417.jpg,car
1629,006418.jpg,bicycle
1630,006419.jpg,chair
1631,006427.jpg,person
1632,006429.jpg,horse
1633,006433.jpg,aeroplane
1634,006434.jpg,dog
1635,006436.jpg,boat
1636,006438.jpg,car
1637,006442.jpg,person
1638,006447.jpg,diningtable
1639,006448.jpg,bottle
1640,006455.jpg,horse
1641,006458.jpg,car
1642,006459.jpg,horse
1643,006462.jpg,cat
1644,006466.jpg,train
1645,006470.jpg,bird
1646,006472.jpg,tvmonitor
1647,006474.jpg,dog
1648,006475.jpg,person
1649,006476.jpg,person
1650,006482.jpg,person
1651,006483.jpg,person
1652,006486.jpg,person
1653,006495.jpg,cat
1654,006499.jpg,train
1655,006501.jpg,bus
1656,006503.jpg,diningtable
1657,006506.jpg,horse
1658,006515.jpg,bicycle
1659,006523.jpg,aeroplane
1660,006524.jpg,car
1661,006536.jpg,person
1662,006547.jpg,cat
1663,006548.jpg,bird
1664,006549.jpg,boat
1665,006550.jpg,motorbike
1666,006551.jpg,person
1667,006556.jpg,dog
1668,006560.jpg,person
1669,006564.jpg,aeroplane
1670,006569.jpg,bus
1671,006595.jpg,cat
1672,006597.jpg,dog
1673,006602.jpg,dog
1674,006605.jpg,chair
1675,006609.jpg,person
1676,006610.jpg,diningtable
1677,006612.jpg,person
1678,006622.jpg,sofa
1679,006626.jpg,person
1680,006627.jpg,diningtable
1681,006635.jpg,train
1682,006636.jpg,aeroplane
1683,006637.jpg,person
1684,006638.jpg,sofa
1685,006648.jpg,person
1686,006652.jpg,train
1687,006654.jpg,car
1688,006658.jpg,person
1689,006660.jpg,boat
1690,006674.jpg,cat
1691,006684.jpg,tvmonitor
1692,006689.jpg,chair
1693,006694.jpg,train
1694,006695.jpg,person
1695,006697.jpg,person
1696,006698.jpg,person
1697,006703.jpg,person
1698,006704.jpg,tvmonitor
1699,006706.jpg,bird
1700,006707.jpg,person
1701,006708.jpg,cow
1702,006714.jpg,person
1703,006726.jpg,pottedplant
1704,006727.jpg,sofa
1705,006731.jpg,diningtable
1706,006734.jpg,car
1707,006735.jpg,dog
1708,006736.jpg,car
1709,006738.jpg,person
1710,006740.jpg,cat
1711,006748.jpg,car
1712,006753.jpg,person
1713,006755.jpg,chair
1714,006766.jpg,bus
1715,006773.jpg,aeroplane
1716,006777.jpg,person
1717,006781.jpg,cat
1718,006782.jpg,person
1719,006784.jpg,person
1720,006794.jpg,aeroplane
1721,006805.jpg,dog
1722,006806.jpg,pottedplant
1723,006810.jpg,person
1724,006822.jpg,motorbike
1725,006824.jpg,person
1726,006825.jpg,bird
1727,006833.jpg,person
1728,006836.jpg,horse
1729,006839.jpg,motorbike
1730,006840.jpg,person
1731,006844.jpg,train
1732,006845.jpg,chair
1733,006847.jpg,horse
1734,006848.jpg,bird
1735,006849.jpg,dog
1736,006852.jpg,sofa
1737,006858.jpg,person
1738,006864.jpg,person
1739,006866.jpg,horse
1740,006868.jpg,car
1741,006869.jpg,cat
1742,006874.jpg,motorbike
1743,006883.jpg,cat
1744,006887.jpg,person
1745,006893.jpg,car
1746,006896.jpg,person
1747,006899.jpg,sheep
1748,006900.jpg,car
1749,006909.jpg,aeroplane
1750,006910.jpg,person
1751,006911.jpg,horse
1752,006912.jpg,diningtable
1753,006914.jpg,bird
1754,006916.jpg,dog
1755,006917.jpg,bottle
1756,006919.jpg,sofa
1757,006930.jpg,sofa
1758,006931.jpg,car
1759,006939.jpg,person
1760,006943.jpg,train
1761,006947.jpg,tvmonitor
1762,006948.jpg,person
1763,006950.jpg,person
1764,006958.jpg,person
1765,006959.jpg,person
1766,006968.jpg,sofa
1767,006971.jpg,cat
1768,006976.jpg,chair
1769,006983.jpg,boat
1770,007002.jpg,bus
1771,007003.jpg,car
1772,007006.jpg,diningtable
1773,007007.jpg,person
1774,007011.jpg,dog
1775,007016.jpg,person
1776,007018.jpg,horse
1777,007023.jpg,person
1778,007025.jpg,cat
1779,007029.jpg,bicycle
1780,007033.jpg,aeroplane
1781,007036.jpg,person
1782,007039.jpg,tvmonitor
1783,007040.jpg,car
1784,007045.jpg,person
1785,007050.jpg,cat
1786,007062.jpg,bicycle
1787,007064.jpg,diningtable
1788,007072.jpg,cow
1789,007073.jpg,motorbike
1790,007075.jpg,cow
1791,007078.jpg,sofa
1792,007079.jpg,person
1793,007080.jpg,person
1794,007088.jpg,aeroplane
1795,007089.jpg,dog
1796,007090.jpg,car
1797,007092.jpg,bird
1798,007093.jpg,person
1799,007095.jpg,bus
1800,007105.jpg,sofa
1801,007108.jpg,bicycle
1802,007113.jpg,tvmonitor
1803,007121.jpg,person
1804,007125.jpg,boat
1805,007128.jpg,person
1806,007129.jpg,person
1807,007130.jpg,tvmonitor
1808,007133.jpg,car
1809,007138.jpg,horse
1810,007150.jpg,motorbike
1811,007152.jpg,aeroplane
1812,007154.jpg,person
1813,007159.jpg,person
1814,007163.jpg,horse
1815,007166.jpg,dog
1816,007168.jpg,train
1817,007177.jpg,diningtable
1818,007180.jpg,sofa
1819,007182.jpg,person
1820,007184.jpg,person
1821,007185.jpg,horse
1822,007193.jpg,sofa
1823,007194.jpg,bird
1824,007197.jpg,cat
1825,007205.jpg,car
1826,007213.jpg,person
1827,007214.jpg,person
1828,007219.jpg,chair
1829,007222.jpg,train
1830,007223.jpg,cat
1831,007234.jpg,horse
1832,007241.jpg,bus
1833,007243.jpg,horse
1834,007250.jpg,tvmonitor
1835,007256.jpg,person
1836,007261.jpg,person
1837,007263.jpg,sofa
1838,007271.jpg,bus
1839,007279.jpg,bus
1840,007285.jpg,car
1841,007289.jpg,boat
1842,007295.jpg,cat
1843,007298.jpg,bus
1844,007305.jpg,motorbike
1845,007308.jpg,horse
1846,007322.jpg,dog
1847,007323.jpg,bottle
1848,007325.jpg,horse
1849,007327.jpg,chair
1850,007334.jpg,cat
1851,007336.jpg,person
1852,007351.jpg,bottle
1853,007361.jpg,train
1854,007365.jpg,boat
1855,007369.jpg,chair
1856,007370.jpg,bottle
1857,007373.jpg,diningtable
1858,007375.jpg,aeroplane
1859,007381.jpg,person
1860,007385.jpg,sofa
1861,007389.jpg,cow
1862,007394.jpg,tvmonitor
1863,007396.jpg,motorbike
1864,007398.jpg,bus
1865,007410.jpg,person
1866,007411.jpg,dog
1867,007413.jpg,aeroplane
1868,007417.jpg,sofa
1869,007419.jpg,cat
1870,007421.jpg,bird
1871,007425.jpg,sofa
1872,007431.jpg,bird
1873,007437.jpg,bus
1874,007446.jpg,person
1875,007454.jpg,cat
1876,007458.jpg,diningtable
1877,007466.jpg,person
1878,007467.jpg,train
1879,007468.jpg,car
1880,007474.jpg,dog
1881,007477.jpg,boat
1882,007479.jpg,car
1883,007481.jpg,bird
1884,007483.jpg,person
1885,007490.jpg,car
1886,007491.jpg,sofa
1887,007493.jpg,person
1888,007497.jpg,car
1889,007503.jpg,aeroplane
1890,007513.jpg,train
1891,007519.jpg,pottedplant
1892,007521.jpg,boat
1893,007524.jpg,cat
1894,007526.jpg,horse
1895,007530.jpg,chair
1896,007535.jpg,person
1897,007536.jpg,sofa
1898,007538.jpg,chair
1899,007540.jpg,person
1900,007544.jpg,diningtable
1901,007558.jpg,person
1902,007565.jpg,cat
1903,007566.jpg,car
1904,007570.jpg,person
1905,007572.jpg,person
1906,007575.jpg,bus
1907,007578.jpg,person
1908,007586.jpg,train
1909,007590.jpg,person
1910,007594.jpg,horse
1911,007600.jpg,pottedplant
1912,007601.jpg,car
1913,007606.jpg,person
1914,007611.jpg,horse
1915,007619.jpg,person
1916,007621.jpg,sheep
1917,007629.jpg,person
1918,007631.jpg,person
1919,007633.jpg,bus
1920,007637.jpg,horse
1921,007653.jpg,car
1922,007654.jpg,aeroplane
1923,007655.jpg,bicycle
1924,007663.jpg,car
1925,007667.jpg,car
1926,007683.jpg,person
1927,007685.jpg,boat
1928,007692.jpg,dog
1929,007696.jpg,train
1930,007697.jpg,horse
1931,007699.jpg,car
1932,007704.jpg,sofa
1933,007713.jpg,bird
1934,007718.jpg,boat
1935,007721.jpg,car
1936,007729.jpg,tvmonitor
1937,007731.jpg,car
1938,007735.jpg,diningtable
1939,007736.jpg,bus
1940,007740.jpg,bottle
1941,007748.jpg,horse
1942,007749.jpg,dog
1943,007751.jpg,diningtable
1944,007753.jpg,cat
1945,007762.jpg,tvmonitor
1946,007767.jpg,train
1947,007775.jpg,dog
1948,007777.jpg,diningtable
1949,007781.jpg,pottedplant
1950,007790.jpg,bottle
1951,007791.jpg,dog
1952,007795.jpg,person
1953,007803.jpg,boat
1954,007809.jpg,horse
1955,007810.jpg,diningtable
1956,007814.jpg,person
1957,007819.jpg,train
1958,007820.jpg,aeroplane
1959,007821.jpg,car
1960,007831.jpg,bird
1961,007836.jpg,bicycle
1962,007838.jpg,dog
1963,007840.jpg,bird
1964,007847.jpg,bird
1965,007853.jpg,bird
1966,007854.jpg,bicycle
1967,007859.jpg,sheep
1968,007863.jpg,cat
1969,007864.jpg,aeroplane
1970,007872.jpg,diningtable
1971,007876.jpg,bird
1972,007877.jpg,person
1973,007878.jpg,cat
1974,007883.jpg,train
1975,007884.jpg,person
1976,007885.jpg,cat
1977,007898.jpg,car
1978,007900.jpg,sofa
1979,007901.jpg,person
1980,007905.jpg,car
1981,007908.jpg,bus
1982,007910.jpg,person
1983,007911.jpg,motorbike
1984,007914.jpg,bird
1985,007915.jpg,person
1986,007923.jpg,sofa
1987,007925.jpg,bicycle
1988,007926.jpg,train
1989,007932.jpg,car
1990,007939.jpg,cow
1991,007940.jpg,person
1992,007953.jpg,person
1993,007959.jpg,chair
1994,007963.jpg,train
1995,007964.jpg,car
1996,007968.jpg,dog
1997,007974.jpg,cat
1998,007976.jpg,aeroplane
1999,007980.jpg,boat
2000,007991.jpg,bird
2001,007996.jpg,person
2002,008001.jpg,car
2003,008004.jpg,bus
2004,008005.jpg,cow
2005,008008.jpg,person
2006,008012.jpg,pottedplant
2007,008017.jpg,bird
2008,008019.jpg,horse
2009,008026.jpg,bus
2010,008037.jpg,car
2011,008040.jpg,horse
2012,008042.jpg,sofa
2013,008043.jpg,person
2014,008044.jpg,car
2015,008049.jpg,tvmonitor
2016,008051.jpg,bird
2017,008053.jpg,person
2018,008062.jpg,bird
2019,008063.jpg,chair
2020,008064.jpg,pottedplant
2021,008067.jpg,tvmonitor
2022,008072.jpg,person
2023,008075.jpg,dog
2024,008076.jpg,diningtable
2025,008079.jpg,person
2026,008082.jpg,person
2027,008083.jpg,person
2028,008084.jpg,bird
2029,008093.jpg,car
2030,008095.jpg,train
2031,008096.jpg,bicycle
2032,008098.jpg,bus
2033,008106.jpg,chair
2034,008108.jpg,car
2035,008116.jpg,sheep
2036,008117.jpg,bird
2037,008121.jpg,tvmonitor
2038,008127.jpg,diningtable
2039,008130.jpg,person
2040,008137.jpg,bottle
2041,008139.jpg,person
2042,008142.jpg,horse
2043,008150.jpg,sheep
2044,008163.jpg,boat
2045,008164.jpg,person
2046,008166.jpg,boat
2047,008169.jpg,cat
2048,008174.jpg,car
2049,008186.jpg,dog
2050,008188.jpg,car
2051,008197.jpg,car
2052,008199.jpg,person
2053,008202.jpg,cow
2054,008203.jpg,sofa
2055,008204.jpg,tvmonitor
2056,008211.jpg,person
2057,008213.jpg,chair
2058,008216.jpg,diningtable
2059,008218.jpg,person
2060,008223.jpg,sheep
2061,008226.jpg,bird
2062,008232.jpg,car
2063,008235.jpg,train
2064,008248.jpg,person
2065,008250.jpg,motorbike
2066,008252.jpg,aeroplane
2067,008253.jpg,person
2068,008254.jpg,cat
2069,008260.jpg,sofa
2070,008261.jpg,boat
2071,008262.jpg,bus
2072,008263.jpg,train
2073,008269.jpg,cat
2074,008272.jpg,person
2075,008280.jpg,aeroplane
2076,008282.jpg,sofa
2077,008296.jpg,car
2078,008301.jpg,person
2079,008302.jpg,person
2080,008310.jpg,aeroplane
2081,008311.jpg,horse
2082,008312.jpg,motorbike
2083,008313.jpg,bicycle
2084,008315.jpg,bus
2085,008316.jpg,train
2086,008317.jpg,bird
2087,008322.jpg,dog
2088,008332.jpg,person
2089,008336.jpg,car
2090,008338.jpg,bus
2091,008341.jpg,sofa
2092,008342.jpg,sheep
2093,008346.jpg,dog
2094,008351.jpg,train
2095,008360.jpg,bus
2096,008372.jpg,aeroplane
2097,008374.jpg,person
2098,008381.jpg,person
2099,008384.jpg,bird
2100,008385.jpg,person
2101,008388.jpg,car
2102,008391.jpg,car
2103,008397.jpg,bus
2104,008398.jpg,person
2105,008403.jpg,cat
2106,008409.jpg,sofa
2107,008422.jpg,tvmonitor
2108,008425.jpg,dog
2109,008426.jpg,bird
2110,008427.jpg,horse
2111,008437.jpg,horse
2112,008442.jpg,cat
2113,008443.jpg,bird
2114,008445.jpg,train
2115,008449.jpg,boat
2116,008452.jpg,person
2117,008453.jpg,chair
2118,008456.jpg,boat
2119,008462.jpg,chair
2120,008465.jpg,pottedplant
2121,008466.jpg,car
2122,008467.jpg,person
2123,008468.jpg,sofa
2124,008470.jpg,diningtable
2125,008475.jpg,cow
2126,008477.jpg,dog
2127,008478.jpg,car
2128,008482.jpg,car
2129,008483.jpg,car
2130,008495.jpg,aeroplane
2131,008506.jpg,train
2132,008517.jpg,car
2133,008523.jpg,aeroplane
2134,008529.jpg,diningtable
2135,008530.jpg,dog
2136,008533.jpg,sofa
2137,008536.jpg,pottedplant
2138,008549.jpg,car
2139,008550.jpg,car
2140,008558.jpg,dog
2141,008559.jpg,person
2142,008568.jpg,boat
2143,008581.jpg,car
2144,008585.jpg,person
2145,008587.jpg,person
2146,008588.jpg,bird
2147,008595.jpg,motorbike
2148,008596.jpg,person
2149,008602.jpg,person
2150,008610.jpg,horse
2151,008615.jpg,cow
2152,008617.jpg,person
2153,008618.jpg,person
2154,008628.jpg,sofa
2155,008633.jpg,car
2156,008645.jpg,boat
2157,008655.jpg,diningtable
2158,008663.jpg,car
2159,008665.jpg,car
2160,008670.jpg,bird
2161,008676.jpg,person
2162,008688.jpg,pottedplant
2163,008690.jpg,person
2164,008691.jpg,train
2165,008699.jpg,horse
2166,008702.jpg,bus
2167,008706.jpg,cow
2168,008710.jpg,train
2169,008720.jpg,cat
2170,008723.jpg,aeroplane
2171,008725.jpg,boat
2172,008727.jpg,car
2173,008731.jpg,horse
2174,008732.jpg,bird
2175,008738.jpg,dog
2176,008741.jpg,bicycle
2177,008744.jpg,horse
2178,008748.jpg,person
2179,008750.jpg,car
2180,008755.jpg,bird
2181,008756.jpg,cat
2182,008757.jpg,bicycle
2183,008760.jpg,chair
2184,008764.jpg,bird
2185,008768.jpg,car
2186,008770.jpg,aeroplane
2187,008771.jpg,bus
2188,008776.jpg,bird
2189,008783.jpg,diningtable
2190,008784.jpg,car
2191,008790.jpg,train
2192,008794.jpg,car
2193,008806.jpg,pottedplant
2194,008809.jpg,cat
2195,008811.jpg,bicycle
2196,008813.jpg,person
2197,008814.jpg,diningtable
2198,008815.jpg,cat
2199,008819.jpg,dog
2200,008838.jpg,bus
2201,008840.jpg,dog
2202,008841.jpg,dog
2203,008847.jpg,aeroplane
2204,008856.jpg,cat
2205,008862.jpg,person
2206,008865.jpg,sofa
2207,008872.jpg,person
2208,008878.jpg,train
2209,008879.jpg,sofa
2210,008883.jpg,bus
2211,008885.jpg,cat
2212,008886.jpg,horse
2213,008891.jpg,car
2214,008900.jpg,boat
2215,008905.jpg,aeroplane
2216,008909.jpg,car
2217,008920.jpg,person
2218,008923.jpg,car
2219,008926.jpg,bird
2220,008929.jpg,car
2221,008930.jpg,cat
2222,008932.jpg,person
2223,008933.jpg,cat
2224,008936.jpg,chair
2225,008939.jpg,car
2226,008944.jpg,person
2227,008948.jpg,chair
2228,008958.jpg,car
2229,008960.jpg,person
2230,008961.jpg,person
2231,008962.jpg,bottle
2232,008966.jpg,bus
2233,008967.jpg,bottle
2234,008968.jpg,car
2235,008969.jpg,car
2236,008970.jpg,pottedplant
2237,008971.jpg,aeroplane
2238,008973.jpg,cow
2239,008975.jpg,sofa
2240,008978.jpg,car
2241,008979.jpg,motorbike
2242,008980.jpg,dog
2243,008985.jpg,bird
2244,008987.jpg,sofa
2245,008988.jpg,train
2246,008989.jpg,bottle
2247,008995.jpg,bicycle
2248,008999.jpg,boat
2249,009000.jpg,person
2250,009004.jpg,motorbike
2251,009005.jpg,person
2252,009016.jpg,bottle
2253,009018.jpg,bird
2254,009020.jpg,horse
2255,009027.jpg,bottle
2256,009029.jpg,car
2257,009032.jpg,tvmonitor
2258,009036.jpg,person
2259,009042.jpg,dog
2260,009045.jpg,car
2261,009049.jpg,motorbike
2262,009058.jpg,car
2263,009059.jpg,bus
2264,009063.jpg,aeroplane
2265,009066.jpg,dog
2266,009068.jpg,person
2267,009073.jpg,person
2268,009078.jpg,car
2269,009080.jpg,bird
2270,009086.jpg,train
2271,009098.jpg,cat
2272,009099.jpg,bird
2273,009100.jpg,bottle
2274,009106.jpg,car
2275,009108.jpg,bottle
2276,009114.jpg,horse
2277,009117.jpg,dog
2278,009121.jpg,car
2279,009123.jpg,diningtable
2280,009136.jpg,person
2281,009144.jpg,bird
2282,009148.jpg,horse
2283,009153.jpg,person
2284,009160.jpg,motorbike
2285,009161.jpg,bus
2286,009166.jpg,bird
2287,009173.jpg,tvmonitor
2288,009175.jpg,pottedplant
2289,009181.jpg,pottedplant
2290,009184.jpg,person
2291,009185.jpg,dog
2292,009191.jpg,motorbike
2293,009196.jpg,tvmonitor
2294,009197.jpg,dog
2295,009200.jpg,sofa
2296,009205.jpg,car
2297,009208.jpg,horse
2298,009209.jpg,motorbike
2299,009214.jpg,car
2300,009215.jpg,pottedplant
2301,009218.jpg,train
2302,009227.jpg,sheep
2303,009230.jpg,motorbike
2304,009238.jpg,person
2305,009242.jpg,sofa
2306,009245.jpg,cow
2307,009251.jpg,horse
2308,009252.jpg,sofa
2309,009255.jpg,horse
2310,009259.jpg,motorbike
2311,009269.jpg,car
2312,009270.jpg,bird
2313,009271.jpg,sheep
2314,009272.jpg,aeroplane
2315,009283.jpg,car
2316,009285.jpg,cat
2317,009287.jpg,motorbike
2318,009288.jpg,person
2319,009289.jpg,train
2320,009290.jpg,person
2321,009295.jpg,bicycle
2322,009296.jpg,person
2323,009299.jpg,diningtable
2324,009306.jpg,sofa
2325,009307.jpg,aeroplane
2326,009308.jpg,cow
2327,009316.jpg,person
2328,009318.jpg,horse
2329,009324.jpg,bird
2330,009325.jpg,tvmonitor
2331,009327.jpg,person
2332,009333.jpg,tvmonitor
2333,009336.jpg,car
2334,009339.jpg,bicycle
2335,009342.jpg,sofa
2336,009343.jpg,person
2337,009358.jpg,bus
2338,009359.jpg,sofa
2339,009362.jpg,person
2340,009365.jpg,aeroplane
2341,009377.jpg,train
2342,009386.jpg,bus
2343,009388.jpg,chair
2344,009389.jpg,train
2345,009392.jpg,bus
2346,009393.jpg,person
2347,009394.jpg,aeroplane
2348,009398.jpg,cat
2349,009406.jpg,car
2350,009407.jpg,horse
2351,009409.jpg,bus
2352,009410.jpg,person
2353,009411.jpg,car
2354,009413.jpg,person
2355,009417.jpg,sheep
2356,009418.jpg,person
2357,009419.jpg,pottedplant
2358,009420.jpg,diningtable
2359,009421.jpg,person
2360,009422.jpg,bird
2361,009424.jpg,car
2362,009429.jpg,cow
2363,009432.jpg,aeroplane
2364,009434.jpg,car
2365,009446.jpg,tvmonitor
2366,009458.jpg,bottle
2367,009460.jpg,person
2368,009463.jpg,cow
2369,009465.jpg,horse
2370,009466.jpg,chair
2371,009469.jpg,car
2372,009476.jpg,aeroplane
2373,009488.jpg,bird
2374,009490.jpg,person
2375,009491.jpg,sofa
2376,009496.jpg,person
2377,009497.jpg,person
2378,009499.jpg,person
2379,009504.jpg,person
2380,009508.jpg,train
2381,009512.jpg,person
2382,009515.jpg,car
2383,009516.jpg,cat
2384,009518.jpg,dog
2385,009520.jpg,person
2386,009523.jpg,aeroplane
2387,009524.jpg,person
2388,009526.jpg,diningtable
2389,009528.jpg,cat
2390,009537.jpg,train
2391,009541.jpg,person
2392,009542.jpg,chair
2393,009545.jpg,cow
2394,009549.jpg,cat
2395,009551.jpg,person
2396,009557.jpg,person
2397,009562.jpg,dog
2398,009566.jpg,bird
2399,009573.jpg,person
2400,009576.jpg,tvmonitor
2401,009577.jpg,diningtable
2402,009579.jpg,person
2403,009584.jpg,cat
2404,009585.jpg,person
2405,009587.jpg,dog
2406,009596.jpg,motorbike
2407,009600.jpg,person
2408,009605.jpg,dog
2409,009609.jpg,person
2410,009613.jpg,person
2411,009614.jpg,person
2412,009615.jpg,aeroplane
2413,009618.jpg,bicycle
2414,009621.jpg,bird
2415,009623.jpg,car
2416,009629.jpg,aeroplane
2417,009634.jpg,pottedplant
2418,009637.jpg,train
2419,009638.jpg,person
2420,009644.jpg,car
2421,009650.jpg,cow
2422,009654.jpg,person
2423,009656.jpg,bicycle
2424,009659.jpg,person
2425,009664.jpg,bottle
2426,009666.jpg,person
2427,009668.jpg,dog
2428,009671.jpg,car
2429,009679.jpg,bottle
2430,009684.jpg,person
2431,009691.jpg,motorbike
2432,009693.jpg,sofa
2433,009702.jpg,aeroplane
2434,009703.jpg,person
2435,009707.jpg,cat
2436,009709.jpg,bottle
2437,009713.jpg,dog
2438,009717.jpg,cow
2439,009718.jpg,train
2440,009721.jpg,person
2441,009729.jpg,car
2442,009733.jpg,car
2443,009734.jpg,bus
2444,009735.jpg,chair
2445,009749.jpg,bird
2446,009755.jpg,sofa
2447,009756.jpg,motorbike
2448,009762.jpg,bus
2449,009763.jpg,sofa
2450,009774.jpg,car
2451,009776.jpg,motorbike
2452,009789.jpg,person
2453,009790.jpg,train
2454,009792.jpg,chair
2455,009797.jpg,dog
2456,009800.jpg,person
2457,009805.jpg,cat
2458,009807.jpg,horse
2459,009808.jpg,horse
2460,009810.jpg,car
2461,009813.jpg,sofa
2462,009825.jpg,chair
2463,009828.jpg,person
2464,009830.jpg,car
2465,009832.jpg,bus
2466,009834.jpg,car
2467,009839.jpg,car
2468,009842.jpg,sheep
2469,009845.jpg,bus
2470,009848.jpg,bicycle
2471,009851.jpg,horse
2472,009852.jpg,cat
2473,009855.jpg,train
2474,009859.jpg,person
2475,009860.jpg,train
2476,009867.jpg,tvmonitor
2477,009868.jpg,person
2478,009869.jpg,person
2479,009872.jpg,chair
2480,009874.jpg,horse
2481,009877.jpg,person
2482,009878.jpg,sofa
2483,009879.jpg,car
2484,009882.jpg,person
2485,009884.jpg,pottedplant
2486,009887.jpg,pottedplant
2487,009896.jpg,cat
2488,009904.jpg,car
2489,009911.jpg,aeroplane
2490,009918.jpg,person
2491,009920.jpg,car
2492,009926.jpg,person
2493,009938.jpg,motorbike
2494,009940.jpg,bird
2495,009942.jpg,person
2496,009944.jpg,motorbike
2497,009945.jpg,sheep
2498,009949.jpg,person
2499,009959.jpg,car
2500,009961.jpg,dog
